run,repetition,Module,Name,
Second-n2-0-20191016-17:03:15-14860,0,Pizza.sink,lifeTimeU2:min,0.001124059922
Second-n2-1-20191016-17:03:18-6176,1,Pizza.sink,lifeTimeU2:min,0.012732247344
Second-n2-10-20191016-17:03:35-15220,10,Pizza.sink,lifeTimeU2:min,0.001290953387
Second-n2-11-20191016-17:03:38-14752,11,Pizza.sink,lifeTimeU2:min,0.002210635918
Second-n2-12-20191016-17:03:40-15280,12,Pizza.sink,lifeTimeU2:min,0.006919861059
Second-n2-13-20191016-17:03:42-10740,13,Pizza.sink,lifeTimeU2:min,0.00085674298
Second-n2-14-20191016-17:03:44-1888,14,Pizza.sink,lifeTimeU2:min,0.008345890952
Second-n2-15-20191016-17:03:47-5724,15,Pizza.sink,lifeTimeU2:min,0.001599558062
Second-n2-16-20191016-17:03:48-8640,16,Pizza.sink,lifeTimeU2:min,0.011971051245
Second-n2-17-20191016-17:03:52-12156,17,Pizza.sink,lifeTimeU2:min,0.001794203983
Second-n2-18-20191016-17:03:54-1480,18,Pizza.sink,lifeTimeU2:min,0.000712493657
Second-n2-19-20191016-17:03:56-5568,19,Pizza.sink,lifeTimeU2:min,0.002065887948
Second-n2-2-20191016-17:03:19-7748,2,Pizza.sink,lifeTimeU2:min,0.006515932401
Second-n2-3-20191016-17:03:21-7648,3,Pizza.sink,lifeTimeU2:min,0.005517012116
Second-n2-4-20191016-17:03:24-3624,4,Pizza.sink,lifeTimeU2:min,0.001093679269
Second-n2-5-20191016-17:03:25-15212,5,Pizza.sink,lifeTimeU2:min,0.00143267675
Second-n2-6-20191016-17:03:28-14148,6,Pizza.sink,lifeTimeU2:min,0.001195584235
Second-n2-7-20191016-17:03:30-10968,7,Pizza.sink,lifeTimeU2:min,0.002393069025
Second-n2-8-20191016-17:03:32-1328,8,Pizza.sink,lifeTimeU2:min,0.014113976066
Second-n2-9-20191016-17:03:34-15236,9,Pizza.sink,lifeTimeU2:min,0.003921078086
