run,repetition,Module,Name,
Second-n2-0-20191108-15:09:13-9276,0,Pizza.sink,lifeTimeU1:max,34.485590289543
Second-n2-10-20191108-15:10:18-2008,10,Pizza.sink,lifeTimeU1:max,29.519861809259
Second-n2-11-20191108-15:10:24-9432,11,Pizza.sink,lifeTimeU1:max,28.567628280451
Second-n2-12-20191108-15:10:29-3068,12,Pizza.sink,lifeTimeU1:max,32.931137636463
Second-n2-13-20191108-15:10:35-2128,13,Pizza.sink,lifeTimeU1:max,31.857527907202
Second-n2-14-20191108-15:10:41-10788,14,Pizza.sink,lifeTimeU1:max,34.590392087189
Second-n2-15-20191108-15:10:48-6176,15,Pizza.sink,lifeTimeU1:max,32.099669459316
Second-n2-16-20191108-15:10:57-7524,16,Pizza.sink,lifeTimeU1:max,36.745411107269
Second-n2-17-20191108-15:11:04-7580,17,Pizza.sink,lifeTimeU1:max,41.775384808525
Second-n2-18-20191108-15:11:11-1592,18,Pizza.sink,lifeTimeU1:max,38.078616696757
Second-n2-19-20191108-15:11:18-2112,19,Pizza.sink,lifeTimeU1:max,29.444976984324
Second-n2-1-20191108-15:09:19-11016,1,Pizza.sink,lifeTimeU1:max,32.013062818048
Second-n2-2-20191108-15:09:24-2060,2,Pizza.sink,lifeTimeU1:max,40.010297944966
Second-n2-3-20191108-15:09:32-3568,3,Pizza.sink,lifeTimeU1:max,31.347965348275
Second-n2-4-20191108-15:09:39-9168,4,Pizza.sink,lifeTimeU1:max,34.769941967105
Second-n2-5-20191108-15:09:47-8888,5,Pizza.sink,lifeTimeU1:max,31.727607147177
Second-n2-6-20191108-15:09:53-5664,6,Pizza.sink,lifeTimeU1:max,27.273689158049
Second-n2-7-20191108-15:09:58-11388,7,Pizza.sink,lifeTimeU1:max,36.531609501572
Second-n2-8-20191108-15:10:02-11532,8,Pizza.sink,lifeTimeU1:max,30.265102868714
Second-n2-9-20191108-15:10:12-4452,9,Pizza.sink,lifeTimeU1:max,32.995417427878
