run,repetition,Module,Name,
Second-n2-0-20191108-15:09:13-9276,0,Pizza.sink,lifeTimeU2:min,0.001330123187
Second-n2-10-20191108-15:10:18-2008,10,Pizza.sink,lifeTimeU2:min,0.004797118049
Second-n2-11-20191108-15:10:24-9432,11,Pizza.sink,lifeTimeU2:min,0.000240681053
Second-n2-12-20191108-15:10:29-3068,12,Pizza.sink,lifeTimeU2:min,0.001080766003
Second-n2-13-20191108-15:10:35-2128,13,Pizza.sink,lifeTimeU2:min,0.003500936338
Second-n2-14-20191108-15:10:41-10788,14,Pizza.sink,lifeTimeU2:min,0.002392190685
Second-n2-15-20191108-15:10:48-6176,15,Pizza.sink,lifeTimeU2:min,0.002680697224
Second-n2-16-20191108-15:10:57-7524,16,Pizza.sink,lifeTimeU2:min,1.7726953e-05
Second-n2-17-20191108-15:11:04-7580,17,Pizza.sink,lifeTimeU2:min,0.003001373127
Second-n2-18-20191108-15:11:11-1592,18,Pizza.sink,lifeTimeU2:min,0.000553389985
Second-n2-19-20191108-15:11:18-2112,19,Pizza.sink,lifeTimeU2:min,0.002893346425
Second-n2-1-20191108-15:09:19-11016,1,Pizza.sink,lifeTimeU2:min,0.004369873206
Second-n2-2-20191108-15:09:24-2060,2,Pizza.sink,lifeTimeU2:min,0.000599706217
Second-n2-3-20191108-15:09:32-3568,3,Pizza.sink,lifeTimeU2:min,0.000581125995
Second-n2-4-20191108-15:09:39-9168,4,Pizza.sink,lifeTimeU2:min,0.00151690852
Second-n2-5-20191108-15:09:47-8888,5,Pizza.sink,lifeTimeU2:min,0.001216794654
Second-n2-6-20191108-15:09:53-5664,6,Pizza.sink,lifeTimeU2:min,0.003810482925
Second-n2-7-20191108-15:09:58-11388,7,Pizza.sink,lifeTimeU2:min,0.000615157694
Second-n2-8-20191108-15:10:02-11532,8,Pizza.sink,lifeTimeU2:min,0.00015641519
Second-n2-9-20191108-15:10:12-4452,9,Pizza.sink,lifeTimeU2:min,0.001633221936
