run,repetition,Module,Name,
Third-n3-0-20191016-17:04:35-14784,0,Pizza.sink,lifeTimeU2:min,10.039345478442
Third-n3-1-20191016-17:04:37-5720,1,Pizza.sink,lifeTimeU2:min,0.87384328003
Third-n3-10-20191016-17:04:53-15112,10,Pizza.sink,lifeTimeU2:min,3.353458498539
Third-n3-11-20191016-17:04:54-11348,11,Pizza.sink,lifeTimeU2:min,2.222615153374
Third-n3-12-20191016-17:04:56-10556,12,Pizza.sink,lifeTimeU2:min,0.865156062648
Third-n3-13-20191016-17:04:58-13380,13,Pizza.sink,lifeTimeU2:min,2.978400729806
Third-n3-14-20191016-17:05:00-15028,14,Pizza.sink,lifeTimeU2:min,1.078230682116
Third-n3-15-20191016-17:05:02-11752,15,Pizza.sink,lifeTimeU2:min,43.526053312438
Third-n3-16-20191016-17:05:04-8688,16,Pizza.sink,lifeTimeU2:min,6.381845475745
Third-n3-17-20191016-17:05:05-10676,17,Pizza.sink,lifeTimeU2:min,2.35837177978
Third-n3-18-20191016-17:05:07-668,18,Pizza.sink,lifeTimeU2:min,0.961363950491
Third-n3-19-20191016-17:05:08-12064,19,Pizza.sink,lifeTimeU2:min,0.207393789253
Third-n3-2-20191016-17:04:39-10988,2,Pizza.sink,lifeTimeU2:min,0.80454439622
Third-n3-3-20191016-17:04:40-15160,3,Pizza.sink,lifeTimeU2:min,0.841212106507
Third-n3-4-20191016-17:04:42-14832,4,Pizza.sink,lifeTimeU2:min,0.408889309969
Third-n3-5-20191016-17:04:44-5352,5,Pizza.sink,lifeTimeU2:min,0.524465637511
Third-n3-6-20191016-17:04:46-9676,6,Pizza.sink,lifeTimeU2:min,0.47122991286
Third-n3-7-20191016-17:04:47-924,7,Pizza.sink,lifeTimeU2:min,10.880877969905
Third-n3-8-20191016-17:04:49-11688,8,Pizza.sink,lifeTimeU2:min,2.233402647177
Third-n3-9-20191016-17:04:51-8260,9,Pizza.sink,lifeTimeU2:min,0.201949293538
