run,repetition,Module,Name,
Second-n2-0-20191108-15:09:13-9276,0,Pizza.sink,lifeTime:max,271.14659839659
Second-n2-10-20191108-15:10:18-2008,10,Pizza.sink,lifeTime:max,244.81332200598
Second-n2-11-20191108-15:10:24-9432,11,Pizza.sink,lifeTime:max,331.78694073132
Second-n2-12-20191108-15:10:29-3068,12,Pizza.sink,lifeTime:max,326.07079663633
Second-n2-13-20191108-15:10:35-2128,13,Pizza.sink,lifeTime:max,403.57053387653
Second-n2-14-20191108-15:10:41-10788,14,Pizza.sink,lifeTime:max,480.24287436176
Second-n2-15-20191108-15:10:48-6176,15,Pizza.sink,lifeTime:max,334.86170496186
Second-n2-16-20191108-15:10:57-7524,16,Pizza.sink,lifeTime:max,432.3007481691
Second-n2-17-20191108-15:11:04-7580,17,Pizza.sink,lifeTime:max,276.52031620891
Second-n2-18-20191108-15:11:11-1592,18,Pizza.sink,lifeTime:max,274.63985456161
Second-n2-19-20191108-15:11:18-2112,19,Pizza.sink,lifeTime:max,299.54642628355
Second-n2-1-20191108-15:09:19-11016,1,Pizza.sink,lifeTime:max,227.335958508
Second-n2-2-20191108-15:09:24-2060,2,Pizza.sink,lifeTime:max,313.10497242094
Second-n2-3-20191108-15:09:32-3568,3,Pizza.sink,lifeTime:max,305.22390417993
Second-n2-4-20191108-15:09:39-9168,4,Pizza.sink,lifeTime:max,335.08578705012
Second-n2-5-20191108-15:09:47-8888,5,Pizza.sink,lifeTime:max,403.48335096582
Second-n2-6-20191108-15:09:53-5664,6,Pizza.sink,lifeTime:max,262.95301106519
Second-n2-7-20191108-15:09:58-11388,7,Pizza.sink,lifeTime:max,268.96065402477
Second-n2-8-20191108-15:10:02-11532,8,Pizza.sink,lifeTime:max,224.10162700742
Second-n2-9-20191108-15:10:12-4452,9,Pizza.sink,lifeTime:max,335.95543976897
