run,repetition,Module,Name,
Third-n4-0-20191016-17:04:38-860,0,Pizza.sink,lifeTimeU2:min,0.152484023409
Third-n4-1-20191016-17:04:40-2844,1,Pizza.sink,lifeTimeU2:min,0.042452429399
Third-n4-10-20191016-17:04:58-14820,10,Pizza.sink,lifeTimeU2:min,2.602082833358
Third-n4-11-20191016-17:05:00-10932,11,Pizza.sink,lifeTimeU2:min,2.222615153374
Third-n4-12-20191016-17:05:02-5372,12,Pizza.sink,lifeTimeU2:min,0.240297651272
Third-n4-13-20191016-17:05:03-11872,13,Pizza.sink,lifeTimeU2:min,11.805422302929
Third-n4-14-20191016-17:05:05-4240,14,Pizza.sink,lifeTimeU2:min,0.590960113452
Third-n4-15-20191016-17:05:07-13000,15,Pizza.sink,lifeTimeU2:min,4.707893284694
Third-n4-16-20191016-17:05:08-15056,16,Pizza.sink,lifeTimeU2:min,6.295839224838
Third-n4-17-20191016-17:05:10-10920,17,Pizza.sink,lifeTimeU2:min,0.417992088694
Third-n4-18-20191016-17:05:11-13832,18,Pizza.sink,lifeTimeU2:min,1.173983318953
Third-n4-19-20191016-17:05:12-9820,19,Pizza.sink,lifeTimeU2:min,0.072946853465
Third-n4-2-20191016-17:04:42-15244,2,Pizza.sink,lifeTimeU2:min,6.081064358423
Third-n4-3-20191016-17:04:44-14568,3,Pizza.sink,lifeTimeU2:min,0.586413929842
Third-n4-4-20191016-17:04:46-12564,4,Pizza.sink,lifeTimeU2:min,1.03673835037
Third-n4-5-20191016-17:04:48-14452,5,Pizza.sink,lifeTimeU2:min,1.170857577254
Third-n4-6-20191016-17:04:50-8444,6,Pizza.sink,lifeTimeU2:min,5.648069975502
Third-n4-7-20191016-17:04:53-15260,7,Pizza.sink,lifeTimeU2:min,10.880877969905
Third-n4-8-20191016-17:04:54-7984,8,Pizza.sink,lifeTimeU2:min,2.233402647177
Third-n4-9-20191016-17:04:56-13552,9,Pizza.sink,lifeTimeU2:min,0.974927725455
