run,repetition,Module,Name,
Second-n3-0-20191016-17:03:37-14584,0,Pizza.sink,lifeTimeU2:min,0.002143788529
Second-n3-1-20191016-17:03:40-14452,1,Pizza.sink,lifeTimeU2:min,0.001000752081
Second-n3-10-20191016-17:04:01-14520,10,Pizza.sink,lifeTimeU2:min,0.000592744271
Second-n3-11-20191016-17:04:03-12824,11,Pizza.sink,lifeTimeU2:min,0.003873213633
Second-n3-12-20191016-17:04:06-11372,12,Pizza.sink,lifeTimeU2:min,0.004793963349
Second-n3-13-20191016-17:04:08-15284,13,Pizza.sink,lifeTimeU2:min,0.000153469464
Second-n3-14-20191016-17:04:10-8708,14,Pizza.sink,lifeTimeU2:min,0.000506456382
Second-n3-15-20191016-17:04:11-13836,15,Pizza.sink,lifeTimeU2:min,0.000903409774
Second-n3-16-20191016-17:04:13-2060,16,Pizza.sink,lifeTimeU2:min,0.000702439794
Second-n3-17-20191016-17:04:14-15232,17,Pizza.sink,lifeTimeU2:min,0.0002256484
Second-n3-18-20191016-17:04:16-15316,18,Pizza.sink,lifeTimeU2:min,0.003301843041
Second-n3-19-20191016-17:04:17-3616,19,Pizza.sink,lifeTimeU2:min,0.002745039081
Second-n3-2-20191016-17:03:42-2192,2,Pizza.sink,lifeTimeU2:min,0.000913238389
Second-n3-3-20191016-17:03:44-1552,3,Pizza.sink,lifeTimeU2:min,0.000238233305
Second-n3-4-20191016-17:03:47-12900,4,Pizza.sink,lifeTimeU2:min,0.001715023927
Second-n3-5-20191016-17:03:48-14644,5,Pizza.sink,lifeTimeU2:min,3.958173e-006
Second-n3-6-20191016-17:03:52-14396,6,Pizza.sink,lifeTimeU2:min,0.000196782638
Second-n3-7-20191016-17:03:53-12500,7,Pizza.sink,lifeTimeU2:min,7.3725296e-005
Second-n3-8-20191016-17:03:56-11752,8,Pizza.sink,lifeTimeU2:min,0.000923766725
Second-n3-9-20191016-17:03:58-13240,9,Pizza.sink,lifeTimeU2:min,0.00172361414
