run,repetition,Module,Name,
Third-n2-0-20191108-15:10:02-5468,0,Pizza.sink,lifeTimeU2:max,36246.215304992
Third-n2-10-20191108-15:11:09-4596,10,Pizza.sink,lifeTimeU2:max,37884.661884198
Third-n2-11-20191108-15:11:18-11096,11,Pizza.sink,lifeTimeU2:max,37937.154591728
Third-n2-12-20191108-15:11:24-7916,12,Pizza.sink,lifeTimeU2:max,35651.051670626
Third-n2-13-20191108-15:11:27-8584,13,Pizza.sink,lifeTimeU2:max,39258.916647568
Third-n2-14-20191108-15:11:30-7636,14,Pizza.sink,lifeTimeU2:max,40085.841944895
Third-n2-15-20191108-15:11:33-8364,15,Pizza.sink,lifeTimeU2:max,38126.181315392
Third-n2-16-20191108-15:11:37-4440,16,Pizza.sink,lifeTimeU2:max,38197.690923992
Third-n2-17-20191108-15:11:40-10192,17,Pizza.sink,lifeTimeU2:max,38540.376542293
Third-n2-18-20191108-15:11:43-2116,18,Pizza.sink,lifeTimeU2:max,38942.481618788
Third-n2-19-20191108-15:11:45-9468,19,Pizza.sink,lifeTimeU2:max,39087.823018061
Third-n2-1-20191108-15:10:11-7104,1,Pizza.sink,lifeTimeU2:max,37931.188763407
Third-n2-2-20191108-15:10:17-5300,2,Pizza.sink,lifeTimeU2:max,37739.42686415
Third-n2-3-20191108-15:10:24-11876,3,Pizza.sink,lifeTimeU2:max,37931.98988366
Third-n2-4-20191108-15:10:29-4504,4,Pizza.sink,lifeTimeU2:max,36797.035038844
Third-n2-5-20191108-15:10:35-7932,5,Pizza.sink,lifeTimeU2:max,40265.565607045
Third-n2-6-20191108-15:10:41-2252,6,Pizza.sink,lifeTimeU2:max,37388.748969901
Third-n2-7-20191108-15:10:48-2800,7,Pizza.sink,lifeTimeU2:max,39973.637597294
Third-n2-8-20191108-15:10:55-2836,8,Pizza.sink,lifeTimeU2:max,37981.107354752
Third-n2-9-20191108-15:11:05-4808,9,Pizza.sink,lifeTimeU2:max,38179.81293157
