run,repetition,Module,Name,
Third-n2-0-20191108-15:10:02-5468,0,Pizza.sink,lifeTimeU2:min,10613.188927108
Third-n2-10-20191108-15:11:09-4596,10,Pizza.sink,lifeTimeU2:min,11275.742409167
Third-n2-11-20191108-15:11:18-11096,11,Pizza.sink,lifeTimeU2:min,11541.848290794
Third-n2-12-20191108-15:11:24-7916,12,Pizza.sink,lifeTimeU2:min,10511.721867069
Third-n2-13-20191108-15:11:27-8584,13,Pizza.sink,lifeTimeU2:min,12187.365812912
Third-n2-14-20191108-15:11:30-7636,14,Pizza.sink,lifeTimeU2:min,12570.675469075
Third-n2-15-20191108-15:11:33-8364,15,Pizza.sink,lifeTimeU2:min,10763.176248121
Third-n2-16-20191108-15:11:37-4440,16,Pizza.sink,lifeTimeU2:min,10963.364371054
Third-n2-17-20191108-15:11:40-10192,17,Pizza.sink,lifeTimeU2:min,12401.839961928
Third-n2-18-20191108-15:11:43-2116,18,Pizza.sink,lifeTimeU2:min,12139.535308026
Third-n2-19-20191108-15:11:45-9468,19,Pizza.sink,lifeTimeU2:min,11343.66518898
Third-n2-1-20191108-15:10:11-7104,1,Pizza.sink,lifeTimeU2:min,10385.787052839
Third-n2-2-20191108-15:10:17-5300,2,Pizza.sink,lifeTimeU2:min,10805.870114908
Third-n2-3-20191108-15:10:24-11876,3,Pizza.sink,lifeTimeU2:min,10967.161307928
Third-n2-4-20191108-15:10:29-4504,4,Pizza.sink,lifeTimeU2:min,10826.819896096
Third-n2-5-20191108-15:10:35-7932,5,Pizza.sink,lifeTimeU2:min,13847.15381498
Third-n2-6-20191108-15:10:41-2252,6,Pizza.sink,lifeTimeU2:min,10981.739919024
Third-n2-7-20191108-15:10:48-2800,7,Pizza.sink,lifeTimeU2:min,12137.960576509
Third-n2-8-20191108-15:10:55-2836,8,Pizza.sink,lifeTimeU2:min,12230.242359817
Third-n2-9-20191108-15:11:05-4808,9,Pizza.sink,lifeTimeU2:min,10958.664747596
