run,repetition,Module,Name,
Second-n2-0-20191016-17:03:15-14860,0,Pizza.sink,lifeTimeU2:max,307.36530418427
Second-n2-1-20191016-17:03:18-6176,1,Pizza.sink,lifeTimeU2:max,196.77010165029
Second-n2-10-20191016-17:03:35-15220,10,Pizza.sink,lifeTimeU2:max,273.10125961233
Second-n2-11-20191016-17:03:38-14752,11,Pizza.sink,lifeTimeU2:max,170.88899837013
Second-n2-12-20191016-17:03:40-15280,12,Pizza.sink,lifeTimeU2:max,181.49722399979
Second-n2-13-20191016-17:03:42-10740,13,Pizza.sink,lifeTimeU2:max,302.33190329382
Second-n2-14-20191016-17:03:44-1888,14,Pizza.sink,lifeTimeU2:max,237.94226751148
Second-n2-15-20191016-17:03:47-5724,15,Pizza.sink,lifeTimeU2:max,279.11986390178
Second-n2-16-20191016-17:03:48-8640,16,Pizza.sink,lifeTimeU2:max,451.81357639733
Second-n2-17-20191016-17:03:52-12156,17,Pizza.sink,lifeTimeU2:max,254.03539249492
Second-n2-18-20191016-17:03:54-1480,18,Pizza.sink,lifeTimeU2:max,294.78975721967
Second-n2-19-20191016-17:03:56-5568,19,Pizza.sink,lifeTimeU2:max,263.71529618394
Second-n2-2-20191016-17:03:19-7748,2,Pizza.sink,lifeTimeU2:max,230.7134185086
Second-n2-3-20191016-17:03:21-7648,3,Pizza.sink,lifeTimeU2:max,474.30332105044
Second-n2-4-20191016-17:03:24-3624,4,Pizza.sink,lifeTimeU2:max,555.00357549796
Second-n2-5-20191016-17:03:25-15212,5,Pizza.sink,lifeTimeU2:max,240.68068890009
Second-n2-6-20191016-17:03:28-14148,6,Pizza.sink,lifeTimeU2:max,228.86722866153
Second-n2-7-20191016-17:03:30-10968,7,Pizza.sink,lifeTimeU2:max,255.78811413727
Second-n2-8-20191016-17:03:32-1328,8,Pizza.sink,lifeTimeU2:max,315.96549423737
Second-n2-9-20191016-17:03:34-15236,9,Pizza.sink,lifeTimeU2:max,146.61003126354
