run,repetition,Module,Name,
Second-n2-0-20191016-17:03:15-14860,0,Pizza.sink,lifeTimeU1:max,32.763031478414
Second-n2-1-20191016-17:03:18-6176,1,Pizza.sink,lifeTimeU1:max,32.94100786151
Second-n2-10-20191016-17:03:35-15220,10,Pizza.sink,lifeTimeU1:max,28.936075609571
Second-n2-11-20191016-17:03:38-14752,11,Pizza.sink,lifeTimeU1:max,24.784988520451
Second-n2-12-20191016-17:03:40-15280,12,Pizza.sink,lifeTimeU1:max,31.107118579836
Second-n2-13-20191016-17:03:42-10740,13,Pizza.sink,lifeTimeU1:max,40.881087374294
Second-n2-14-20191016-17:03:44-1888,14,Pizza.sink,lifeTimeU1:max,33.818548960968
Second-n2-15-20191016-17:03:47-5724,15,Pizza.sink,lifeTimeU1:max,26.586123371254
Second-n2-16-20191016-17:03:48-8640,16,Pizza.sink,lifeTimeU1:max,36.978925127758
Second-n2-17-20191016-17:03:52-12156,17,Pizza.sink,lifeTimeU1:max,30.186997253941
Second-n2-18-20191016-17:03:54-1480,18,Pizza.sink,lifeTimeU1:max,30.720301357007
Second-n2-19-20191016-17:03:56-5568,19,Pizza.sink,lifeTimeU1:max,35.387681012453
Second-n2-2-20191016-17:03:19-7748,2,Pizza.sink,lifeTimeU1:max,26.939477670297
Second-n2-3-20191016-17:03:21-7648,3,Pizza.sink,lifeTimeU1:max,28.914785610998
Second-n2-4-20191016-17:03:24-3624,4,Pizza.sink,lifeTimeU1:max,42.434506564186
Second-n2-5-20191016-17:03:25-15212,5,Pizza.sink,lifeTimeU1:max,31.583884478326
Second-n2-6-20191016-17:03:28-14148,6,Pizza.sink,lifeTimeU1:max,26.811496244718
Second-n2-7-20191016-17:03:30-10968,7,Pizza.sink,lifeTimeU1:max,43.603365949756
Second-n2-8-20191016-17:03:32-1328,8,Pizza.sink,lifeTimeU1:max,26.289277035709
Second-n2-9-20191016-17:03:34-15236,9,Pizza.sink,lifeTimeU1:max,28.335320056685
