run,repetition,Module,Name,
Second-n5-0-20191016-17:04:24-13320,0,Pizza.sink,lifeTimeU2:min,0.000808048427
Second-n5-1-20191016-17:04:26-8864,1,Pizza.sink,lifeTimeU2:min,0.000725995456
Second-n5-10-20191016-17:04:39-14852,10,Pizza.sink,lifeTimeU2:min,0.00107339977
Second-n5-11-20191016-17:04:42-14740,11,Pizza.sink,lifeTimeU2:min,0.000825232781
Second-n5-12-20191016-17:04:44-2824,12,Pizza.sink,lifeTimeU2:min,0.000755772275
Second-n5-13-20191016-17:04:46-15128,13,Pizza.sink,lifeTimeU2:min,0.001680111086
Second-n5-14-20191016-17:04:48-14972,14,Pizza.sink,lifeTimeU2:min,0.001489068798
Second-n5-15-20191016-17:04:51-15044,15,Pizza.sink,lifeTimeU2:min,0.00053114842
Second-n5-16-20191016-17:04:55-5588,16,Pizza.sink,lifeTimeU2:min,0.000277488097
Second-n5-17-20191016-17:04:56-8620,17,Pizza.sink,lifeTimeU2:min,8.3787033e-005
Second-n5-18-20191016-17:04:59-8592,18,Pizza.sink,lifeTimeU2:min,0.001134688363
Second-n5-19-20191016-17:05:02-15356,19,Pizza.sink,lifeTimeU2:min,0.001053103602
Second-n5-2-20191016-17:04:27-15048,2,Pizza.sink,lifeTimeU2:min,0.001306863723
Second-n5-3-20191016-17:04:28-9176,3,Pizza.sink,lifeTimeU2:min,0.002679863446
Second-n5-4-20191016-17:04:29-2900,4,Pizza.sink,lifeTimeU2:min,0.001435080579
Second-n5-5-20191016-17:04:31-15356,5,Pizza.sink,lifeTimeU2:min,0.000205548062
Second-n5-6-20191016-17:04:32-11044,6,Pizza.sink,lifeTimeU2:min,0.000712236994
Second-n5-7-20191016-17:04:34-4284,7,Pizza.sink,lifeTimeU2:min,4.6559033e-005
Second-n5-8-20191016-17:04:35-14876,8,Pizza.sink,lifeTimeU2:min,9.9203478e-005
Second-n5-9-20191016-17:04:37-2336,9,Pizza.sink,lifeTimeU2:min,0.00127229678
