run,repetition,Module,Name,
Second-n5-0-20191016-17:04:24-13320,0,Pizza.sink,lifeTimeU1:max,19.956461828043
Second-n5-1-20191016-17:04:26-8864,1,Pizza.sink,lifeTimeU1:max,21.713724395194
Second-n5-10-20191016-17:04:39-14852,10,Pizza.sink,lifeTimeU1:max,18.491047545193
Second-n5-11-20191016-17:04:42-14740,11,Pizza.sink,lifeTimeU1:max,25.067511793231
Second-n5-12-20191016-17:04:44-2824,12,Pizza.sink,lifeTimeU1:max,21.620797103008
Second-n5-13-20191016-17:04:46-15128,13,Pizza.sink,lifeTimeU1:max,18.682154967796
Second-n5-14-20191016-17:04:48-14972,14,Pizza.sink,lifeTimeU1:max,26.124730209142
Second-n5-15-20191016-17:04:51-15044,15,Pizza.sink,lifeTimeU1:max,21.264799197155
Second-n5-16-20191016-17:04:55-5588,16,Pizza.sink,lifeTimeU1:max,25.425474153797
Second-n5-17-20191016-17:04:56-8620,17,Pizza.sink,lifeTimeU1:max,19.806459221474
Second-n5-18-20191016-17:04:59-8592,18,Pizza.sink,lifeTimeU1:max,23.401423203314
Second-n5-19-20191016-17:05:02-15356,19,Pizza.sink,lifeTimeU1:max,17.915129741715
Second-n5-2-20191016-17:04:27-15048,2,Pizza.sink,lifeTimeU1:max,21.551980669017
Second-n5-3-20191016-17:04:28-9176,3,Pizza.sink,lifeTimeU1:max,20.74336721406
Second-n5-4-20191016-17:04:29-2900,4,Pizza.sink,lifeTimeU1:max,25.297618946344
Second-n5-5-20191016-17:04:31-15356,5,Pizza.sink,lifeTimeU1:max,21.159997525139
Second-n5-6-20191016-17:04:32-11044,6,Pizza.sink,lifeTimeU1:max,25.979516879285
Second-n5-7-20191016-17:04:34-4284,7,Pizza.sink,lifeTimeU1:max,23.830143023855
Second-n5-8-20191016-17:04:35-14876,8,Pizza.sink,lifeTimeU1:max,18.338156124918
Second-n5-9-20191016-17:04:37-2336,9,Pizza.sink,lifeTimeU1:max,28.267341161446
