run,repetition,Module,Name,
Third-n5-0-20191016-17:04:40-14676,0,Pizza.sink,lifeTimeU2:min,2.404242431351
Third-n5-1-20191016-17:04:43-14884,1,Pizza.sink,lifeTimeU2:min,1.468681529764
Third-n5-10-20191016-17:05:00-15008,10,Pizza.sink,lifeTimeU2:min,0.19736246116
Third-n5-11-20191016-17:05:02-1420,11,Pizza.sink,lifeTimeU2:min,2.222615153374
Third-n5-12-20191016-17:05:04-4424,12,Pizza.sink,lifeTimeU2:min,0.479026877174
Third-n5-13-20191016-17:05:05-3792,13,Pizza.sink,lifeTimeU2:min,0.238547712489
Third-n5-14-20191016-17:05:07-8748,14,Pizza.sink,lifeTimeU2:min,2.150968859118
Third-n5-15-20191016-17:05:08-2844,15,Pizza.sink,lifeTimeU2:min,9.876097095683
Third-n5-16-20191016-17:05:09-8088,16,Pizza.sink,lifeTimeU2:min,6.381845475745
Third-n5-17-20191016-17:05:11-9980,17,Pizza.sink,lifeTimeU2:min,6.903627074994
Third-n5-18-20191016-17:05:12-7008,18,Pizza.sink,lifeTimeU2:min,0.022131572025
Third-n5-19-20191016-17:05:13-3692,19,Pizza.sink,lifeTimeU2:min,0.014029425184
Third-n5-2-20191016-17:04:46-7204,2,Pizza.sink,lifeTimeU2:min,1.276879797042
Third-n5-3-20191016-17:04:47-2872,3,Pizza.sink,lifeTimeU2:min,0.841212106507
Third-n5-4-20191016-17:04:50-12832,4,Pizza.sink,lifeTimeU2:min,0.230090227329
Third-n5-5-20191016-17:04:51-4784,5,Pizza.sink,lifeTimeU2:min,0.265896778206
Third-n5-6-20191016-17:04:53-9768,6,Pizza.sink,lifeTimeU2:min,0.299963647948
Third-n5-7-20191016-17:04:55-13644,7,Pizza.sink,lifeTimeU2:min,10.880877969905
Third-n5-8-20191016-17:04:56-7672,8,Pizza.sink,lifeTimeU2:min,0.37643917879
Third-n5-9-20191016-17:04:58-14952,9,Pizza.sink,lifeTimeU2:min,0.974927725455
