run,repetition,Module,Name,
Second-n4-0-20191016-17:04:08-4624,0,Pizza.sink,lifeTimeU2:min,0.002403662045
Second-n4-1-20191016-17:04:10-14436,1,Pizza.sink,lifeTimeU2:min,0.000239483912
Second-n4-10-20191016-17:04:21-7708,10,Pizza.sink,lifeTimeU2:min,0.00212510423
Second-n4-11-20191016-17:04:22-7568,11,Pizza.sink,lifeTimeU2:min,0.001124010988
Second-n4-12-20191016-17:04:23-13816,12,Pizza.sink,lifeTimeU2:min,0.000657789875
Second-n4-13-20191016-17:04:24-8004,13,Pizza.sink,lifeTimeU2:min,0.000928625155
Second-n4-14-20191016-17:04:25-7220,14,Pizza.sink,lifeTimeU2:min,0.000454139645
Second-n4-15-20191016-17:04:27-6148,15,Pizza.sink,lifeTimeU2:min,0.000877774418
Second-n4-16-20191016-17:04:28-13016,16,Pizza.sink,lifeTimeU2:min,0.001710271771
Second-n4-17-20191016-17:04:29-5368,17,Pizza.sink,lifeTimeU2:min,0.003677536912
Second-n4-18-20191016-17:04:31-11752,18,Pizza.sink,lifeTimeU2:min,0.002113500653
Second-n4-19-20191016-17:04:32-11552,19,Pizza.sink,lifeTimeU2:min,0.000277732292
Second-n4-2-20191016-17:04:11-7548,2,Pizza.sink,lifeTimeU2:min,0.005063807625
Second-n4-3-20191016-17:04:13-13840,3,Pizza.sink,lifeTimeU2:min,0.000921990034
Second-n4-4-20191016-17:04:14-10620,4,Pizza.sink,lifeTimeU2:min,0.000206648675
Second-n4-5-20191016-17:04:16-3568,5,Pizza.sink,lifeTimeU2:min,0.002788885521
Second-n4-6-20191016-17:04:17-14980,6,Pizza.sink,lifeTimeU2:min,0.000264709507
Second-n4-7-20191016-17:04:18-5740,7,Pizza.sink,lifeTimeU2:min,0.00019625483
Second-n4-8-20191016-17:04:19-9536,8,Pizza.sink,lifeTimeU2:min,0.000209653522
Second-n4-9-20191016-17:04:20-11052,9,Pizza.sink,lifeTimeU2:min,0.000238757868
