run,repetition,Module,Name,
First-n2-0-20191016-17:03:11-8384,0,Pizza.sink,lifeTimeU1:min,0.028487936858
First-n2-1-20191016-17:03:14-15008,1,Pizza.sink,lifeTimeU1:min,0.025019231026
First-n2-10-20191016-17:03:38-12096,10,Pizza.sink,lifeTimeU1:min,0.048814469286
First-n2-11-20191016-17:03:42-5084,11,Pizza.sink,lifeTimeU1:min,0.026926752072
First-n2-12-20191016-17:03:44-2416,12,Pizza.sink,lifeTimeU1:min,0.041343821368
First-n2-13-20191016-17:03:48-14428,13,Pizza.sink,lifeTimeU1:min,0.048123704084
First-n2-14-20191016-17:03:52-3628,14,Pizza.sink,lifeTimeU1:min,0.017107850895
First-n2-15-20191016-17:03:54-14976,15,Pizza.sink,lifeTimeU1:min,0.056188738358
First-n2-16-20191016-17:03:57-12392,16,Pizza.sink,lifeTimeU1:min,0.003382015094
First-n2-17-20191016-17:03:59-13080,17,Pizza.sink,lifeTimeU1:min,0.048806421122
First-n2-18-20191016-17:04:02-9132,18,Pizza.sink,lifeTimeU1:min,0.010950118929
First-n2-19-20191016-17:04:04-8508,19,Pizza.sink,lifeTimeU1:min,0.017124877299
First-n2-2-20191016-17:03:16-11904,2,Pizza.sink,lifeTimeU1:min,0.029738398892
First-n2-3-20191016-17:03:19-7956,3,Pizza.sink,lifeTimeU1:min,0.046230504598
First-n2-4-20191016-17:03:21-11924,4,Pizza.sink,lifeTimeU1:min,0.022684835734
First-n2-5-20191016-17:03:24-5708,5,Pizza.sink,lifeTimeU1:min,0.020461223824
First-n2-6-20191016-17:03:27-11624,6,Pizza.sink,lifeTimeU1:min,0.037467895313
First-n2-7-20191016-17:03:30-7280,7,Pizza.sink,lifeTimeU1:min,0.006606821528
First-n2-8-20191016-17:03:32-14656,8,Pizza.sink,lifeTimeU1:min,0.021880196707
First-n2-9-20191016-17:03:35-10520,9,Pizza.sink,lifeTimeU1:min,0.006195319649
