run,repetition,Module,Name,
Third-n2-0-20191016-17:04:31-1552,0,Pizza.sink,lifeTimeU2:min,28.712748802806
Third-n2-1-20191016-17:04:32-12940,1,Pizza.sink,lifeTimeU2:min,4.808418922807
Third-n2-10-20191016-17:04:47-7760,10,Pizza.sink,lifeTimeU2:min,2.533460504574
Third-n2-11-20191016-17:04:49-12004,11,Pizza.sink,lifeTimeU2:min,0.081597152497
Third-n2-12-20191016-17:04:51-1964,12,Pizza.sink,lifeTimeU2:min,11.06998439993
Third-n2-13-20191016-17:04:53-6900,13,Pizza.sink,lifeTimeU2:min,5.957540334582
Third-n2-14-20191016-17:04:55-14444,14,Pizza.sink,lifeTimeU2:min,1.078230682116
Third-n2-15-20191016-17:04:56-1836,15,Pizza.sink,lifeTimeU2:min,14.004604181497
Third-n2-16-20191016-17:04:58-10488,16,Pizza.sink,lifeTimeU2:min,2.740673553124
Third-n2-17-20191016-17:05:00-4800,17,Pizza.sink,lifeTimeU2:min,6.903627074994
Third-n2-18-20191016-17:05:02-9352,18,Pizza.sink,lifeTimeU2:min,0.082821880902
Third-n2-19-20191016-17:05:04-14456,19,Pizza.sink,lifeTimeU2:min,0.443549822001
Third-n2-2-20191016-17:04:33-1684,2,Pizza.sink,lifeTimeU2:min,5.410849641627
Third-n2-3-20191016-17:04:34-8560,3,Pizza.sink,lifeTimeU2:min,0.345467962053
Third-n2-4-20191016-17:04:36-14220,4,Pizza.sink,lifeTimeU2:min,10.901729081685
Third-n2-5-20191016-17:04:37-8748,5,Pizza.sink,lifeTimeU2:min,0.003780095928
Third-n2-6-20191016-17:04:39-11644,6,Pizza.sink,lifeTimeU2:min,8.560416614232
Third-n2-7-20191016-17:04:41-14952,7,Pizza.sink,lifeTimeU2:min,10.880877969905
Third-n2-8-20191016-17:04:44-2476,8,Pizza.sink,lifeTimeU2:min,2.233402647177
Third-n2-9-20191016-17:04:45-8596,9,Pizza.sink,lifeTimeU2:min,5.345047574108
