run,repetition,Module,Name,
First-n2-0-20191108-15:09:08-2100,0,Pizza.sink,lifeTimeU2:max,31788.405392374
First-n2-10-20191108-15:10:19-1092,10,Pizza.sink,lifeTimeU2:max,29484.346838058
First-n2-11-20191108-15:10:29-3760,11,Pizza.sink,lifeTimeU2:max,31315.03148613
First-n2-12-20191108-15:10:35-3216,12,Pizza.sink,lifeTimeU2:max,29910.173901728
First-n2-13-20191108-15:10:48-6436,13,Pizza.sink,lifeTimeU2:max,31934.310981569
First-n2-14-20191108-15:10:58-8788,14,Pizza.sink,lifeTimeU2:max,32030.116138546
First-n2-15-20191108-15:11:06-1192,15,Pizza.sink,lifeTimeU2:max,36053.348286608
First-n2-16-20191108-15:11:11-2648,16,Pizza.sink,lifeTimeU2:max,31377.169807373
First-n2-17-20191108-15:11:18-3792,17,Pizza.sink,lifeTimeU2:max,29513.287027563
First-n2-18-20191108-15:11:27-1092,18,Pizza.sink,lifeTimeU2:max,32640.747453243
First-n2-19-20191108-15:11:33-8280,19,Pizza.sink,lifeTimeU2:max,31033.833325235
First-n2-1-20191108-15:09:13-10328,1,Pizza.sink,lifeTimeU2:max,29667.815319953
First-n2-2-20191108-15:09:19-6132,2,Pizza.sink,lifeTimeU2:max,30835.330770796
First-n2-3-20191108-15:09:24-10744,3,Pizza.sink,lifeTimeU2:max,30415.516664385
First-n2-4-20191108-15:09:32-4496,4,Pizza.sink,lifeTimeU2:max,32593.816789976
First-n2-5-20191108-15:09:41-1040,5,Pizza.sink,lifeTimeU2:max,30452.924878972
First-n2-6-20191108-15:09:47-2664,6,Pizza.sink,lifeTimeU2:max,33694.584301689
First-n2-7-20191108-15:09:53-4484,7,Pizza.sink,lifeTimeU2:max,31479.617296938
First-n2-8-20191108-15:10:03-796,8,Pizza.sink,lifeTimeU2:max,31828.459176523
First-n2-9-20191108-15:10:11-9780,9,Pizza.sink,lifeTimeU2:max,32418.235161884
