run,repetition,Module,Name,
First-n4-0-20191108-15:09:09-5224,0,Pizza.sink,lifeTimeU2:min,0.002779633709
First-n4-10-20191108-15:10:24-8584,10,Pizza.sink,lifeTimeU2:min,0.000332737279
First-n4-11-20191108-15:10:35-12176,11,Pizza.sink,lifeTimeU2:min,0.010905614947
First-n4-12-20191108-15:10:48-4588,12,Pizza.sink,lifeTimeU2:min,0.00610388563
First-n4-13-20191108-15:10:58-5376,13,Pizza.sink,lifeTimeU2:min,0.000292027397
First-n4-14-20191108-15:11:10-1384,14,Pizza.sink,lifeTimeU2:min,0.00121401524
First-n4-15-20191108-15:11:17-11636,15,Pizza.sink,lifeTimeU2:min,0.000750979365
First-n4-16-20191108-15:11:24-4748,16,Pizza.sink,lifeTimeU2:min,0.000623492441
First-n4-17-20191108-15:11:30-10188,17,Pizza.sink,lifeTimeU2:min,0.000474655243
First-n4-18-20191108-15:11:37-9692,18,Pizza.sink,lifeTimeU2:min,0.000913178136
First-n4-19-20191108-15:11:43-12016,19,Pizza.sink,lifeTimeU2:min,0.0031932612
First-n4-1-20191108-15:09:15-9864,1,Pizza.sink,lifeTimeU2:min,0.001788566971
First-n4-2-20191108-15:09:21-4460,2,Pizza.sink,lifeTimeU2:min,0.000428361584
First-n4-3-20191108-15:09:28-7652,3,Pizza.sink,lifeTimeU2:min,0.006615196301
First-n4-4-20191108-15:09:35-10708,4,Pizza.sink,lifeTimeU2:min,0.000767778974
First-n4-5-20191108-15:09:41-5872,5,Pizza.sink,lifeTimeU2:min,0.010187303047
First-n4-6-20191108-15:09:48-10184,6,Pizza.sink,lifeTimeU2:min,0.000581976773
First-n4-7-20191108-15:09:58-3440,7,Pizza.sink,lifeTimeU2:min,0.004450612987
First-n4-8-20191108-15:10:04-2516,8,Pizza.sink,lifeTimeU2:min,0.002890308517
First-n4-9-20191108-15:10:11-8176,9,Pizza.sink,lifeTimeU2:min,0.002099329545
