run,repetition,Module,Name,
Second-n5-0-20191108-15:09:35-3448,0,Pizza.sink,lifeTimeU2:max,93.106051478658
Second-n5-10-20191108-15:10:35-7388,10,Pizza.sink,lifeTimeU2:max,128.73697209148
Second-n5-11-20191108-15:10:41-11144,11,Pizza.sink,lifeTimeU2:max,185.29741010737
Second-n5-12-20191108-15:10:48-3548,12,Pizza.sink,lifeTimeU2:max,73.603004719544
Second-n5-13-20191108-15:10:57-10028,13,Pizza.sink,lifeTimeU2:max,119.80699206405
Second-n5-14-20191108-15:11:04-8840,14,Pizza.sink,lifeTimeU2:max,90.55535458075
Second-n5-15-20191108-15:11:11-1428,15,Pizza.sink,lifeTimeU2:max,96.24202522826
Second-n5-16-20191108-15:11:17-8640,16,Pizza.sink,lifeTimeU2:max,67.994499272421
Second-n5-17-20191108-15:11:23-6996,17,Pizza.sink,lifeTimeU2:max,115.71771285623
Second-n5-18-20191108-15:11:27-4632,18,Pizza.sink,lifeTimeU2:max,93.363363971705
Second-n5-19-20191108-15:11:33-8376,19,Pizza.sink,lifeTimeU2:max,163.08636625577
Second-n5-1-20191108-15:09:41-8624,1,Pizza.sink,lifeTimeU2:max,114.77767951356
Second-n5-2-20191108-15:09:46-5248,2,Pizza.sink,lifeTimeU2:max,127.69497526081
Second-n5-3-20191108-15:09:53-8116,3,Pizza.sink,lifeTimeU2:max,87.571215955624
Second-n5-4-20191108-15:09:58-2912,4,Pizza.sink,lifeTimeU2:max,136.30797629588
Second-n5-5-20191108-15:10:03-9644,5,Pizza.sink,lifeTimeU2:max,136.76086495994
Second-n5-6-20191108-15:10:11-1892,6,Pizza.sink,lifeTimeU2:max,71.269757132642
Second-n5-7-20191108-15:10:19-2520,7,Pizza.sink,lifeTimeU2:max,88.035542113537
Second-n5-8-20191108-15:10:24-5136,8,Pizza.sink,lifeTimeU2:max,138.03954338601
Second-n5-9-20191108-15:10:29-2604,9,Pizza.sink,lifeTimeU2:max,176.47510304312
